Interest      ,Group                                ,URL                                                                                                                                                                         ,Comments
0-Very High   ,Standards                            ,https://github.com/ethereum/wiki/wiki/Sharding-FAQ                                                                                                                          ,Sharding FAQ
0-Very High   ,Standards                            ,https://ethresear.ch/t/sharding-phase-1-spec/1407                                                                                                                           ,Sharding Stage 1 Spec
1-High        ,Data / Analysis                      ,https://blog.iota.org/iota-data-marketplace-cb6be463ac7f                                                                                                                    ,
1-High        ,Data / Analysis                      ,https://blog.ricmoo.com/solidity-abiv2-a-foray-into-the-experimental-a6afd3d47185                                                                                           ,
1-High        ,Data / Analysis                      ,https://ethereum.stackexchange.com/questions/3249/how-to-prove-anything-as-mine-on-ethereum/3250#3250                                                                       ,
1-High        ,Data / Analysis                      ,https://github.com/cubedro/eth-net-intelligence-api                                                                                                                         ,
1-High        ,Data / Analysis                      ,https://insights.stackoverflow.com/survey/2018/?utm_source=Iterable&utm_medium=email&utm_campaign=dev-survey-2018-promotion                                                 ,(some interesting charts)
1-High        ,Data / Analysis                      ,https://iohk.io                                                                                                                                                             ,
1-High        ,Data / Analysis                      ,https://media.consensys.net/alethio-lighting-up-the-blockchain-with-real-time-stats-a80bb30576db                                                                            ,
1-High        ,Data / Analysis                      ,https://media.consensys.net/over-12-000-ether-are-lost-forever-due-to-typos-f6ccc35432f8                                                                                    ,
1-High        ,Data / Analysis                      ,https://medium.com/@akhounov/more-data-for-eip-168-kill-dust-accounts-83e8dd0938d3                                                                                          ,
1-High        ,Data / Analysis                      ,https://medium.com/@analyseether/description-of-the-analyse-ether-database-fa88bdd41535                                                                                     ,
1-High        ,Data / Analysis                      ,https://medium.com/@codetractio                                                                                                                                             ,
1-High        ,Data / Analysis                      ,https://medium.com/@txhash/bridging-the-gap-between-web-2-0-and-blockchain-events-fc77d2c1dcdb                                                                              ,
1-High        ,Data / Analysis                      ,https://medium.com/aigang-network/how-to-read-ethereum-contract-storage-44252c8af925                                                                                        ,
1-High        ,Data / Analysis                      ,https://medium.com/iconominet/iconomi-financial-report-q3-2017-45dc25f30730                                                                                                 ,
1-High        ,Data / Analysis                      ,https://rufflet.cryptokitties.co/                                                                                                                                           ,dead?
1-High        ,Data / Analysis                      ,https://towardsdatascience.com/how-docker-can-help-you-become-a-more-effective-data-scientist-7fc048ef91d5                                                                  ,
1-High        ,Data / Analysis                      ,https://www.quora.com/How-do-you-calculate-server-costs-per-user-for-a-social-networking-type-platform-where-storage-for-each-user-would-max-out-at-2gb-a-month-500mb-a-day ,
1-High        ,Data / Analysis                      ,https://www.reddit.com/r/ethereum/comments/7e47y4/ethusd_oracle/                                                                                                            ,
1-High        ,Standards                            ,https://github.com/ethereum/EIPs/issues/721                                                                                                                                 ,
1-High        ,Standards                            ,https://github.com/ethereum/EIPs/issues/777                                                                                                                                 ,
1-High        ,Standards                            ,https://hackmd.io/s/Hk6UiFU7z                                                                                                                                               ,
1-High        ,Standards                            ,https://github.com/ethereum/EIPs/issues/838                                                                                                                                 ,
1-High        ,Standards                            ,http://eips.ethereum.org/all                                                                                                                                                ,
1-High        ,Tools                                ,https://discuss.ipfs.io/t/ethereum-solidity-smart-contract-ci-toolchain-on-ipfs-wip/1780                                                                                    ,
1-High        ,Tools                                ,https://docs.aws.amazon.com/sdk-for-cpp/v1/developer-guide/credentials.html                                                                                                 ,
1-High        ,Tools                                ,https://ethereum.stackexchange.com/q/3536/1529                                                                                                                              ,
1-High        ,Tools                                ,https://github.com/etherisc/InsurableCryptoWallet                                                                                                                           ,
1-High        ,Tools                                ,https://github.com/gobitfly/etherchain-light                                                                                                                                ,See comments in resource intensiveness of listing account transactions
1-High        ,Tools                                ,https://github.com/hiddentao/ethereum-blocks                                                                                                                                ,
1-High        ,Tools                                ,https://github.com/ipfs/go-ipld-eth-import/issues/1                                                                                                                         ,
1-High        ,Tools                                ,https://github.com/ivica7/eth-chain-stats-collector                                                                                                                         ,
1-High        ,Tools                                ,https://github.com/MetaMask/mustekala/issues/2                                                                                                                              ,
1-High        ,Tools                                ,https://github.com/zmitton/eth-proof                                                                                                                                        ,
1-High        ,Tools                                ,https://medium.com/metamask/scaling-web3-with-signtypeddata-91d6efc8b290                                                                                                    ,
1-High        ,Tools                                ,https://www.analyseether.com/                                                                                                                                               ,
1-High        ,Tools                                ,https://www.cryptas.cc/                                                                                                                                                     ,
1-High        ,Tools                                ,https://www.reddit.com/r/ethdev/comments/7f03fz/does_anyone_else_need_a_blockchain_event/                                                                                   ,
2-Medium      ,Data / Analysis                      ,https://github.com/paritytech/wiki/pull/17/files                                                                                                                            ,
2-Medium      ,Data / Analysis                      ,https://www.truset.com/?utm_source=Consensys.net&utm_campaign=53d09f6865-EMAIL_CAMPAIGN_2018_03_24&utm_medium=email&utm_term=0_257df01285-53d09f6865-155131453              ,A Consensys Gig
2-Medium      ,Data / Analysis                      ,https://medium.com/@pfh/request-for-feedback-parr-a-query-tool-for-ethereum-3bee790e389e                                                                                    ,Very nice
2-Medium      ,Grants                               ,https://blog.aragon.one/introducing-aragon-nest-1aa8c91c0566                                                                                                                ,
2-Medium      ,Grants                               ,https://openbounty.status.im/                                                                                                                                               ,
2-Medium      ,Platforms                            ,https://blog.0xproject.com/the-0x-ecosystem-6f2e780567e8                                                                                                                    ,
2-Medium      ,Platforms                            ,https://district0x.io/                                                                                                                                                      ,
2-Medium      ,Platforms                            ,https://medium.com/iex-ec/eli5-iexec-the-cloud-computing-solution-for-blockchain-developers-c988c123bbfb                                                                    ,
2-Medium      ,Platforms                            ,https://medium.com/satis-group/cryptoasset-market-update-b678aeda4c5e                                                                                                       ,
2-Medium      ,Platforms                            ,https://medium.com/truebit/truebit-the-marketplace-for-verifiable-computation-f51d1726798f                                                                                  ,
2-Medium      ,Standards                            ,https://blog.cosmos.network/consensus-compare-casper-vs-tendermint-6df154ad56ae                                                                                             ,
2-Medium      ,Standards                            ,https://github.com/ethereum/EIPs/issues/763                                                                                                                                 ,
2-Medium      ,Token Economics                      ,https://blog.propsproject.com/token-economics-for-digital-media-apps-12e16d4c4eb8                                                                                           ,
2-Medium      ,Token Economics                      ,https://medium.com/@simondlr/tokens-2-0-curved-token-bonding-in-curation-markets-1764a2e0bee5                                                                               ,
2-Medium      ,Token Economics                      ,https://medium.com/blockchannel/token-sales-data-returns-9212a0c5c355                                                                                                       ,
2-Medium      ,Token Economics                      ,https://medium.com/tokenclub/tokenclub-announces-november-token-basket-dd930e671fb                                                                                          ,
2-Medium      ,Token Economics                      ,https://www.integrity-research.com/launch-digital-asset-research/                                                                                                           ,
2-Medium      ,Token Economics                      ,https://www.reddit.com/r/ethereum/comments/8425ef/icorating_a_deeplearning_system_for_scam_ico/                                                                             ,
2-Medium      ,Token Economics                      ,https://www.truset.com/tokens                                                                                                                                               ,
2-Medium      ,Tools                                ,https://ethercast.io/?ref=producthunt                                                                                                                                       ,
2-Medium      ,Wallets                              ,https://medium.com/cryptodus/multisig-wallets-storing-300m-is-it-the-best-way-to-store-your-millions-raised-during-an-ico-7845465e3dca                                      ,
3-Medium-Low  ,Education                            ,https://blog.keep.network/miners-arent-your-friends-cde9b6e0e9ac                                                                                                            ,
3-Medium-Low  ,Education                            ,https://coursetro.com/courses/20/Developing-Ethereum-Smart-Contracts-for-Beginners                                                                                          ,
3-Medium-Low  ,Education                            ,https://github.com/decrypto-org/blockchain-papers                                                                                                                           ,
3-Medium-Low  ,Education                            ,https://github.com/paritytech/parity/pull/7157/files                                                                                                                        ,Code of conduct
3-Medium-Low  ,Education                            ,https://github.com/WebOfTrustInfo/rebooting-the-web-of-trust-spring2018                                                                                                     ,
3-Medium-Low  ,Education                            ,https://medium.com/blockchannel/the-ethereum-developer-essential-reading-list-4fe5d788b294                                                                                  ,
3-Medium-Low  ,Education                            ,https://www.coindesk.com/forget-token-sales-the-father-of-the-ico-is-all-about-identity-now/                                                                                ,
3-Medium-Low  ,Education                            ,https://www.flippening.watch/                                                                                                                                               ,
3-Medium-Low  ,Education                            ,https://www.reddit.com/r/ethereum/                                                                                                                                          ,
3-Medium-Low  ,Security                             ,https://blog.neufund.org/how-not-to-lose-millions-of-dollars-in-your-ico-end-to-end-testing-for-dapps-f10b8becef7e                                                          ,
3-Medium-Low  ,Security                             ,https://medium.com/@maurelian/devcon3-security-round-up-e7754cd30c23                                                                                                        ,
3-Medium-Low  ,Security                             ,https://medium.com/nexus-mutual/smart-contract-cover-55782407722c                                                                                                           ,
3-Medium-Low  ,Security                             ,https://medium.com/the-ethereum-name-service/security-lessons-from-the-ens-launch-c5bc96bf439e                                                                              ,
3-Medium-Low  ,Security                             ,https://thenextweb.com/hardfork/2018/03/21/coinbase-smart-contract-bug-allowed-crediting/?amp=1&__twitter_impression=true a__                                               ,
4-Low         ,Hardware                             ,http://cryptobible.io/first-blockchain-smartphone-will-come-preloaded-ethereum-client-status/                                                                               ,
4-Low         ,Hardware                             ,https://zipperglobal.com/whitepaper.pdf                                                                                                                                     ,
4-Low         ,History                              ,https://github.com/ethereum/go-ethereum/issues/1897                                                                                                                         ,
4-Low         ,Licensing                            ,https://blog.chef.io/2009/08/11/why-we-chose-the-apache-license/                                                                                                            ,
4-Low         ,Other Blockchains                    ,https://blog.havven.io/basecoin-an-algorithmic-central-bank-2fffd164f8c4                                                                                                    ,
4-Low         ,Other Blockchains                    ,https://crypterium.io/                                                                                                                                                      ,
4-Low         ,Other Blockchains                    ,https://ipld.io/                                                                                                                                                            ,
4-Low         ,Other Blockchains                    ,https://www.telco.in/#abouttelcoin?telco                                                                                                                                    ,
4-Low         ,QuickBlocks                          ,https://devpost.com/software/quickblocks                                                                                                                                    ,
4-Low         ,QuickBlocks                          ,https://www.stateofthedapps.com/dapps/quickblocks                                                                                                                           ,
4-Low         ,Sales Leads                          ,https://airtable.com/shreIXQjzluCxam37/tbl7qVDFKKiEcFFrc                                                                                                                    ,Blockchain use in government tracker
4-Low         ,Sales Leads                          ,https://auditchain.com/                                                                                                                                                     ,Auditing Product
1-High        ,Tech                                 ,https://github.com/ipfs/go-ipld-eth                                                                                                                                         ,Converting block headers to IPFS something or others
1-High        ,Tech                                 ,https://github.com/vulcanize/block_watcher                                                                                                                                  ,Rick Dudley's block watcher
3-Medium-Low  ,WhitePaper                           ,http://batog.info/papers/scalable-reward-distribution.pdf                                                                                                                   ,I have a feeling this is wrong (because you can't average averages)&#44; but I'm probably wrong
3-Medium-Low  ,Tech                                 ,https://github.com/cryppadotta/dotta-license/tree/master/dot-abi-cli                                                                                                        ,
3-Medium-Low  ,Tech                                 ,https://github.com/picksco/harmony/blob/master/README.md                                                                                                                    ,
3-Medium-Low  ,Tech                                 ,https://github.com/ethereum/EIPs/pull/1062#issuecomment-389582548                                                                                                           ,
3-Medium-Low  ,Tech                                 ,https://github.com/ethereum/EIPs/issues/1111                                                                                                                                ,
3-Medium-Low  ,Transactions                         ,https://github.com/ethereum/go-ethereum/issues/2104#issuecomment-168748944                                                                                                  ,
3-Medium-Low  ,ENS                                  ,https://medium.com/the-ethereum-name-service/call-for-partnership-at-the-ens-workshop-hackathon-2018-312bfb00f3ee                                                           ,
3-Medium-Low  ,Data / Analysis                      ,https://www.youtube.com/watch?v=5ZjhNTM8XU8&t=29m34s                                                                                                                        ,
3-Medium-Low  ,Scraping                             ,https://github.com/ethereumjs/ethereumjs-blockstream?files=1                                                                                                                ,
3-Medium-Low  ,ABI in ENS                           ,https://github.com/ethereum/EIPs/pull/205                                                                                                                                   ,ABI in ENS
3-Medium-Low  ,Transaction return data in receipts  ,https://github.com/ethereum/EIPs/pull/658                                                                                                                                   ,Transaction return data in receipts
3-Medium-Low  ,Account abstraction                  ,https://github.com/ethereum/EIPs/pull/208                                                                                                                                   ,Account abstraction
3-Medium-Low  ,Mixed-case checksum address encoding ,https://github.com/ethereum/EIPs/blob/master/EIPS/eip-55.md                                                                                                                 ,Mixed-case checksum address encoding
3-Medium-Low  ,Revert                               ,https://github.com/ethereum/EIPs/pull/206/files                                                                                                                             ,Revert
3-Medium-Low  ,RPC Test Spec                        ,https://github.com/ethereum/EIPs/issues/217                                                                                                                                 ,RPC Test Spec
3-Medium-Low  ,PARITY IPFS                          ,https://github.com/paritytech/parity/wiki/IPFS                                                                                                                              ,PARITY IPFS
3-Medium-Low  ,State clearing                       ,https://github.com/ethereum/EIPs/blob/master/EIPS/eip-161.md                                                                                                                ,State clearing
3-Medium-Low  ,Snarks                               ,https://vitalik.ca/general/2018/07/21/starks_part_3.html                                                                                                                    ,
3-Medium-Low  ,WASM                                 ,https://codelabs.developers.google.com/codelabs/web-assembly-intro/index.html?index=..%2F..%2Findex#0                                                                       ,
3-Medium-Low  ,Data / Analysis                      ,https://hackernoon.com/getting-deep-into-ethereum-how-data-is-stored-in-ethereum-e3f669d96033                                                                               ,
3-Medium-Low  ,Data / Analysis                      ,https://producingoss.com/en/index.html                                                                                                                                      ,
3-Medium-Low  ,Open Source                          ,https://medium.com/hive-commons/harberger-taxation-and-open-source-58dcdbab140d                                                                                             ,
3-Medium-Low  ,Polkadot                             ,https://slides.com/paritytech/polkadot-governance#/                                                                                                                         ,
3-Medium-Low  ,Polkadot                             ,https://slides.com/paritytech/paritysubstrate#/                                                                                                                             ,
3-Medium-Low  ,Charting                             ,http://chartmaker.visualisingdata.com/                                                                                                                                      ,
3-Medium-Low  ,Charting                             ,http://pandas.pydata.org/                                                                                                                                                   ,
3-Medium-Low  ,Killer App for Swarm                 ,https://youtu.be/JDR9NollfmY                                                                                                                                                ,
3-Medium-Low  ,Research Eth 2.0                     ,https://medium.com/rocket-pool/ethereum-2-0-whos-building-it-54a735442e                                                                                                     ,
3-Medium-High ,Snarks C++ Libary                    ,https://github.com/scipr-lab/libsnark/tree/3e92af18df7ea11588c9e59769e78dc7bc7ad4d9                                                                                         ,
3-Medium-High ,Paid plan block explorer             ,https://www.blockcypher.com/                                                                                                                                                ,
3-Medium-High ,OxProtocol                           ,https://github.com/ethereum/EIPs/blob/master/EIPS/eip-712.md                                                                                                                ,https://github.com/ethereum/EIPs/blob/master/EIPS/eip-712.md
3-Medium-High ,Node.js Websites                     ,https://medium.freecodecamp.org/building-a-simple-node-js-api-in-under-30-minutes-a07ea9e390d2                                                                              ,
3-Medium-High ,KickBack                             ,https://github.com/wearekickback/KIPs/blob/master/kips/kip-withdrawals.md                                                                                                   ,
3-Medium-High ,Gnosis Wallet                        ,https://www.reddit.com/r/ethereum/comments/a16dmh/the_gnosis_safe_is_live_on_mainnet/                                                                                       ,
3-Medium-High ,Papers                               ,https://jeffhuang.com/best_paper_awards.html                                                                                                                                ,
3-Medium-High ,                                     ,https://streamlineicons.com/                                                                                                                                                ,
3-Medium-High ,                                     ,https://github.com/ethereum/EIPs/blob/5c106de8cc8e002ca98545143b159cc48e8a2032/EIPS/eip-2009.md                                                                             ,
